id,name,mobile,home,work,email,street,city,state,zip,birthday,tags,notes
10,Amon-Ra St. Brown,555-274-5948,,,amon-ra.st.brown@nfl.com,666 NFL Drive,San Antonio,TX,78294,1999-09-24,NFL;Player;Favorite,""
6,Bijan Robinson,555-640-7437,,,bijan.robinson@nfl.com,621 NFL Drive,San Antonio,TX,78270,2002-05-22,NFL;Player;Favorite,""
8,CeeDee Lamb,555-892-6771,,,ceedee.lamb@nfl.com,953 NFL Drive,San Antonio,TX,78249,1999-07-08,NFL;Player;Favorite,""
5,Christian McCaffrey,555-706-9371,,,christian.mccaffrey@nfl.com,955 NFL Drive,San Antonio,TX,78238,1996-04-07,NFL;Player;Favorite,""
12,George Kittle,555-360-9466,,,george.kittle@nfl.com,189 NFL Drive,San Antonio,TX,78267,1993-11-09,NFL;Player;Favorite,""
1,Jack Black,987-654-3210,,,jack.black@outlook.com,N/A,N/A,N/A,N/A,N/A,"",""
4,Jalen Hurts,555-813-2644,,,jalen.hurts@nfl.com,661 NFL Drive,San Antonio,TX,78292,1998-03-15,NFL;Player;Favorite,""
3,Josh Allen,555-895-6399,,,josh.allen@nfl.com,631 NFL Drive,San Antonio,TX,78261,1996-02-07,NFL;Player;Favorite,""
7,Justin Jefferson,555-478-5670,,,justin.jefferson@nfl.com,809 NFL Drive,San Antonio,TX,78261,1999-06-16,NFL;Player;Favorite,""
2,Patrick Mahomes,555-768-1379,,,patrick.mahomes@nfl.com,177 NFL Drive,San Antonio,TX,78271,1995-01-15,NFL;Player;Favorite,""
11,Saquon Barkley,555-562-5186,,,saquon.barkley@nfl.com,504 NFL Drive,San Antonio,TX,78210,1997-10-09,NFL;Player;Favorite,""
13,Travis Kelce,555-934-5330,,,travis.kelce@nfl.com,279 NFL Drive,San Antonio,TX,78247,1989-12-05,NFL;Player;Favorite,""
9,Tyreek Hill,555-298-1293,,,tyreek.hill@nfl.com,333 NFL Drive,San Antonio,TX,78228,1994-08-01,NFL;Player;Favorite,""
